Global_Sesne,Target,POS,Arabic_lemmas,Arabic_Definition_IDs,Bulgarian_lemmas,Bulrgarian_Definition_IDs,Greek_lemmas,Greek_Definition_IDs,French_lemmas,French_Definition_IDs,Italian_lemmas,Italian_Definition_IDs,
Insult targeting a stupid person/ stupidity,Person,NOUN,"[سخيف,مهرج,حَشَرة,حمار(animal),خروف(animal),نعجة(animal),تابع,ساذج,أراجوز,عامي,عتال,تخلفعقلي,أمي,تيس(animal),منغولي,ماعز(animal]","[179,397,131,127,145,413,77,175,5,208,214,83,16,102,395,320,239,432,375,71,107,73]","[тъпак, тъпак, тъпанар, тиква, тъпанар, гъска (animal), глупак, гъска (animal), глупак, лековерник, дангалак, бавно загряващ човек, балама, малоумник, абдал, бавно загряващ човек, овца (animal), бебе, абдал, бавно загряващ човек, овца (animal), бебе, абдал, муле (animal), кретен, вол (animal), идиот, шибаняк, наивник, шибаняк, будала, наивник, галфон, теле (animal), ташак, кретен]","[997, 998, 999, 988, 1000, 553, 541, 553, 541, 700, 554, 456, 457, 724, 441, 455, 828, 470, 441, 455, 828, 470, 440, 754, 679, 524, 615, 1065, 775, 1066, 498, 776, 534, 982, 981, 690]","[παπάρα, βλαξ, τούβλο, βλάκας, κρετίνος, μαλάκας, μπούφος, κολοκύθα, κούτσουρο, κορόιδο, κουτορνίθι (animal), όρνιο (animal), παπάρι, βλακέντιος, παλιάτσος, ψάρι (animal), κουτάβι (animal), πρόβατο (animal), παπάρα]","[1854, 1321, 2024, 1316, 1651, 1714, 1787, 1614, 1648, 1635, 1631, 1637, 2179, 1501, 1318, 1842, 2149, 1634, 1856]","[con, abruti, débile, imbécile, stupide, idiot, bêta, imbécile, imbécile, bête, abruti, idiot, con, retard, connard, conne, tocard, demeuré, simple, idiot, pigeon (animal), moutons (animal), connard]","[2258, 2186, 2284, 2350, 2448, 2342, 2230, 2347, 2349, 2233, 2185, 2343, 2256, 2431, 2260, 2263, 2456, 2277, 2444, 2341, 2404, 2385, 2259]","[scemo, cretino, imbecille, pirla, idiota, coglione, coglione, minchia, deficiente, mona, bestia (animal), capra (animal), pollo (animal), pecora (animal), pesce (animal), stronzo, animale (animal)]","[2746, 2594, 2658, 2718, 2645, 2585, 2586, 2691, 2606, 2694, 2546, 2648, 2723, 2716, 2717, 2758, 2525]",
,,ADJ,"[أبله , مجرم, معاق, مغفل, أحمق]","[352, 373, 1, 382, 4]","[тъп, глупав, лековерен, неразумен, овчи, сляп, безразсъден, овчи, сляп, безразсъден]","[996, 540, 699, 809, 830, 955, 480, 830, 955, 480]","[ηλίθιος, κουτός, χαζός, καθυστερημένος, ανόητος, μικρόνους, αφελής, αγαθιάρης, εύπιστος, βραδύνους, ηλίθιος]","[1499, 1643, 2127, 1533, 1217, 1762, 1282, 1119, 1480, 1324, 1500]","[idiot, bêta, stupide, imbécile, stupide, stupide]","[2344, 2231, 2445, 2346, 2446, 2447]","[idiota, imbecille, scemo, stupido,","[2646, 2659, 2747, 2762",
,Behavior/ Abstract Idea,NOUN,"[جهل,نكتة,فقر,تخلف,جهالة,لغو,غباء,سذاجة,خزعبلات,هزلي,عبث,حماقة,عته,بلادة,غلطات,غباوة]","[119,415,268,82,118,308,237,180,146,424,211,128,215,72,248,238]","[[глупост, безсмислие, тъпота, увреден мозък, безсмислие, тъпота, увреден мозък, идиотия, безсмислица, кретенизъм, кретенизъм]]","[542, 483, 1001, 1003, 483, 1001, 1003, 616, 484, 682, 681]","[βλακεία, χαζομάρα, ανοησία, σαχλαμάρα, μωρία, κουταμάρα, ηλιθιότητα, χαζομάρα, κουταμάρα, ιδιωτεία, μαλακία, κρετινισμός, μαλακία, ηλιθιότητα]","[1319, 2126, 1210, 1320, 1942, 1790, 1859, 1923, 2125, 1636, 1517, 1718, 1717, 1502]","[bêtise, connerie, bêtise]","[2235, 2264, 2234]","[stupidità, idiozia, idiozia, stupidità, stronzata]","[2761, 2647, 2562, 2760, 2757]",
,,VERB,[هذر] ,[120],[],[],[],[],[],[],[],[],
Insult targeting a liar/fake,Person,NOUN,"[غشاش,نصاب,زائف,منافق,مرائي,كاذب,كذاب]","[244,412,166,389,357,292,295]","[измамник, лицемер, двуличник, лъжльо, лъжец, шарлатанин]","[626, 708, 555, 718, 716, 1059]","[ψεύτης, ψευδολόγος, υποκριτής]","[2161, 2157, 2063]","[menteur, hypocrite]","[2376, 2340]","[bugiardo, ipocrita]","[2556, 2676]",
,Behavior/ Abstract Idea,NOUN,"[خديعة,خدعة,احتيال,غش,مكر,خداع,ملفق,تزييف,أكذوبة,زور,افتراء,كذبة,كذب,مختلق,بهتان,رياء,نفاق,لغو]","[141,140,37,243,386,139,388,86,15,173,49,297,296,356,74,165,414,308]","[трик, измислица, измислица, лицемерие, лъжа, лъжа, фалш, преструвка, мистификация, показност, злонамерена лъжа]","[993, 629, 630, 710, 714, 715, 1009, 890, 743, 874, 608]","[πανουργία, δολιότητα, απάτη, εξαπάτηση, ψέμα, διαβολή, υποκρισία, ψεύδος, αναλήθεια]","[1852, 1395, 1221, 447, 2150, 1375, 2062, 2160, 1195]","[fraude, tromperie, tromperie, tromperie, mensonge, hypocrisie, faux]","[2321, 2476, 2479, 2478, 2375, 2339, 2305]","[trucco, menzogna, bufala, balla, favola, falsità, falsità, ipocrisia, ipocrisia, falsità, storia, fake]","[2773, 2689, 2554, 2532, 2623, 2615, 2614, 2674, 2675, 2613, 2755, 2612]",
,,ADJ,"[تمساح ,مغالط, مزور, مضلل, مخادع, ماكر]","[378, 364, 99, 372, 354, 322]","[измамен, лицемерен, лъжлив, фалшив]","[625, 709, 717, 1010]","[ψευδής, κίβδηλος, ψεύτικος, κίβδηλος, κίβδηλος, παραπλανητικός]","[2155, 1529, 2163,  1528, 1527, 1874]",[faux],[2304],"[falso. Finto, bugiardo, ipocrita, falso]","[2617, 2629, 2557, 2677, 2616]",
,,VERB,"[يغش, خادع] ","[436, 133]",[],[],[],[],"[tromper, mentir]","[2469, 2377]",[],[],
Insult for a sex worker,Person,NOUN,"[بغي, دعاره, مومس, زاني, دعارة, شرموطة, عاهرة, عهر, فاحشة]","[71, 154, 399, 167, 153, 194, 210, 234, 254]","[лека жена, уличница, проститутка, блудница, курва, куртизанка]","[698, 1004, 900, 491, 687, 688]","πόρνη, τσούλα, πουτάνα, μοιχαλίδα, ιερόδουλη, εταίρα, πόρνη, πορνεία]","[1927, 2047, 1909, 1768, 1910, 1518, 1478, 1926, 1906]","[pute, putain, putain, chienne, poule, salope]","[2418, 2414, 2415, 2245, 2410, 2434]","[puttana, troia, squillo]","[2735, 2771, 2772, 2754]",
Insult targeting  worthless ,Person,NOUN,"[قمامة, عدم, قماءة, نتانة, خسيس, وسخ, مزيف, حقارة, حَشَرة, جيفة, كريه, مكروب, صعلوك, غلطات]","[288, 219, 287, 406, 147, 431, 265, 125, 131, 120, 299, 387, 200, 248]","[измет, лайно, кучи син, мерзавец, scoundrel, подлец]","[628, 694, 691, 734, 837, 870]","[σκύβαλο, απόβρασμα, βρώμα, αρχίδι, καθίκι, σκουπίδι, κάθαρμα, σαβούρα, λέρα, μουρντάρης, σκραπ]","[1971, 1238, 1329, 1256, 1531, 1962, 1522, 1936,  1671, 1778, 1966]","[ordures, déchets]","[2399, 2285]","[rifiuto, spazzatura, fango, fogna]","[2740, 2752, 1618, 1630]",
,,ADJ,"[منتن, نتن, منبوذ , نذل, شرموط, وغد, مزدري]","[391, 407, 390, 409, 193, 433, 363]",[],[],"[απόβλητος, αχρείος, ουτιδανός]","[1236, 1285, 1832]",[],[],[],[],
,Behavior/ Abstract Idea,VERB,[خرب] ,[143],[],[],[],[],[],[],[],[],
Insults for bad,Person,NOUN,"[خبيث, خسيس, خبث, مؤذ, شرير, ابتذال]","[138, 147, 137, 313, 196, 34]","[калпазанин, кучи син, мерзавец, подлец, злодей, негодник, негодник]","[643, 691, 734, 870, 607, 792, 793]","[καθίκι, δαίμονας]","[1531, 1357]","[méchant, mal, méchante]","[2386, 2366, 2388]",[squillo],[2754],
,Behavior/ Abstract Idea,ADJ,"[مسيئ, وغد, منبوذ, نتن, سَيّئ, عدواني]","[367, 433, 390, 407, 190, 220]","[лош, мерзък, подъл, коварен, зъл]","[711, 735, 873, 657, 614]","[φαύλος, αχρείος, άθλιος, πονηρός, κακός, ανήθικος, κακόβουλος]","[2086, 1285, 1080, 1904, 1559, 1186, 1555]",[méchant],[2387],"[cattivo, brutto]","[2572, 2552]",
,,VERB,[خرب] ,[143],[],[],[],[],[],[],[],[],
Insult about fascism,Person,NOUN,"[فاشي,فاشستي]","[258,256]",[фашист],[1017],[φασίστας],[2081],"[fasciste, facho]","[2301, 2296]","[fascisti, fascista]","[2622, 2620]",
,Behavior/ Abstract Idea,NOUN,"[فاشية,فاشستية]","[259,257]",[фашизъм],[1016],[φασισμός],[2082],[fascisme],[2299],[fascismo],[2619],
,,ADJ,[],[],[фашистки],[1018],[φασιστικός],[2083],[fasciste],[2300],[fascista],[2621],
Insult about coward,Person,ADJ,[جبان],[110],[страхлив],[973],"[δειλός, άνανδρος, φοβητσιάρης, δειλός]","[1363, 1083, 2101, 1362]",[lâche],[2360],[vile],[2778],
,Behavior/ Abstract Idea,NOUN,"[جبن, رعديد, أرنب]","[111, 164, 6]","[малодушие, слабак, страхливец, страхливост]","[723, 952, 974, 976]","[δειλία, ανανδρία, κιοτής]","[1361, 1198, 1601]","[lâcheté, lâche, faiblesse]","[2362, 2361, 2298]",[vile],[2779],
Insult targeting a despicable,Person,NOUN,"[خسيس, خبيث, فضلة, حَشَرة, صرصور]","[147, 138, 265, 131, 199]","[мерзавец, копеле, подлец]","[734, 667, 870]","[απόβρασμα, παλιάνθρωπος, καθίκι, λέρα, μουρντάρης, καριόλης, κάθαρμα]","[1238, 1841, 1531, 1671, 1778, 1567, 1522]",[chien],[2244],[cane],[2559],
,Behavior/ Abstract Idea,ADJ,"[شرموط, منبوذ, نذل, نتن, منتن, وغد]","[193, 390, 409, 407, 391, 433]",[кучи син],[691],"[αχρείος, φαύλος]","[1285, 2086]",[],[],[],[],
,,VERB,[خرب] ,[143],[],[],[],[],[],[],[],[],
Insult for mess,Behavior/ Abstract Idea,NOUN,"[فوضى, هرج, تخبط]","[271, 422, 81]","[безпорядък, безредие, бъркотия, миш-маш, хаос]","[479, 481, 506, 744, 1030]","[ακαταστασία, μπουρδέλο, χάος, αναστάτωση, πανδαιμόνιο, ταραχή]","[1167, 1785, 2124, 1202, 2123, 1850, 2013]","[chaos, bordel, chaos]","[2239, 2218, 2238]","[casino, casino, caos]","[2566, 2564, 2561]",
Insult for ruin/wreck,Person,NOUN,"[وسخ, فضلة]","[431, 265]","[мерзавец, мръсник]","[734, 752]","[μουρντάρης, απόβρασμα, λέρα]","[1778, 1238, 1671]",[porc],[2408],"[suini, maiale, porco]","[2765, 2683, 2727]",
,Behavior/ Abstract Idea,ADJ,"[وغد, نتن, منتن, شرموط]","[433, 407, 391, 193]",[],[],[αχρείος],[1285],[],[],[],[],
,,VERB,[خرب] ,[143],[],[],[],[],[],[],[],[],
Insult for black people,Person,ADJ,[أسود],[7],"[черен, чернокож]","[1048, 1050]",[μαύρος],[1739],[noir],[2397],[nero],[2699],
,,NOUN,[زنجي],[171],[негър],[796],"[νέγρος, αράπης, νέγρος]","[1795, 1241, 1796]",[black],[2216],[nero],[2698],
Insut for sex-act profanity,Behavior/ Abstract Idea,VERB,"[ضاجع, نكح, واقع, ناك]","[203, 416, 428, 403]","[чукам, шибам","[1057, 1063","[γαμώ, πηδώ, συνουσιάζομαι]","[1343, 1890, 1998]","[sauter, baiser, coucher]","[2439, 2213, 2265]",[scopare],[2748],
,,NOUN,[],[],[масонство],[530],[γαμήσι],[1339],[baise],[2212],[],[],
Insult targeting a thief or steal,Person,NOUN,"[حرامي, سراق, سارق, لص, نصاب]","[123, 181, 176, 305, 412]","[грабител, обирник, мошеник, крадец]","[546, 827, 749, 676]","[άρπαγας, λωποδύτης, κλέφτης]","[1089, 1701, 1604]","[voleur, voleur]","[2513, 2510]",[ladro],[2678],
,Behavior/ Abstract Idea,VERB,[إختلس],[25],[],[],[],[],[],[],[],[],
Insult for stingy/ stinginess,Person,ADJ,[بخيل],[58],[скръндза],[947],"[τσιγκούνης, φιλάργυρος, σπαγγοραμμένος]","[2042, 2089, 2090, 1980]",[],[],[],[],
,Behavior/ Abstract Idea,NOUN,[بخل],[57],"[скъперничество, скъперник]","[951, 950]","[τσιγκουνιά, φιλαργυρία]","[2041, 2093]",[rat],[2429],[povero],[2731],
Vulgar body-part insult,Object,NOUN,[مؤخرة],[312],"[дупе, задница]","[580, 603]","[κώλος, κωλομέρι, πισινός]","[1661, 1654, 1892]","[derrière, lune, cul, fesses]","[2278, 2359, 2276, 2306]",[culo],[2604],
Insult for immorality,Person,ADJ,[],[],[неморално],[801],[ανήθικος],[1187],[],[],[brutto],[2552],
,Behavior/ Abstract Idea,NOUN,"[فسوق, فسق, نتانة, ابتذال]","[264, 263, 406, 34]",[неморалност],[802],[ανηθικότητα],[1203],[mal],[2366],[],[],
Insult for a brutish person,Pesron,NOUN,"[حيوان, تيس, أنعام, وعل, بهيمة]","[130, 102, 18, 432, 75]","[говедо, добитък]","[544, 569]",[ζώο],[1494],[animal],[2202],"[bestia, animale]","[2546, 2525]",
Insult for lack of education,Person,ADJ,[جاهل],[109],"[неграмотен, необразован, неук]","[794, 806, 812]",[αγράμματος],[1126],[],[],[ignorante],[2651],
,Behavior/ Abstract Idea,NOUN,"[أمي, جهالة, عامي]","[16, 118, 208]",[],[],[],[],[ignorance],[2345],[],[],
Insult for stupidity,Event,NOUN,"[عبث, جنون]","[211, 117]","[нонсенс, безсмислие, безсмислица]","[823, 483, 484]","[βλακεία, ανοησία, κουταμάρα]","[1320, 1210, 1635]",[folie],[2310],[follia],[2633],
Homophobic slur,Person,NOUN,"[مثلي, لواطي, مثلية]","[349, 310, 350]","[педал, гей]","[852, 538]",[γκέι],[1349],[gay],[2328],[],[],
,,ADJ,[لوطي],[311],[],[],[],[],[],[],[gay],[2638],
Insult for jealous,Person,ADJ,[],[],"[завистлив, ревнив]","[599, 924]",[ζηλιάρης],[1483],[],[],[],[],
,Behavior/ Abstract Idea,NOUN,[حسد],[124],[завист],[598],"[ζηλοφθονία, φθόνος]","[1485, 2088]",[],[],[gelosia],[2639],
,,VERB,[],[],[],[],[],[],[envier],[2294],[],[],
Insult referring to homosexuality,State,NOUN,"[مثلي, مثلية]","[349, 350]",[хомосексуалист],[1024],[ομοφυλόφιλος],"[1824, 1825]",[gay],[2328],[diverso],[2610],
Insult for uncultred person,Person,NOUN,"[عامي, جهالة, بليد]","[208, 118, 73]",[невежа],[789],[],[],[bête],[2233],"[capra, bestia]","[2562, 2546]",
,,ADJ,[],[],[],[],[αναλφάβητος],[1197],[],[],[],[],
Insult calling someone a pig as dirty person,Person,NOUN,"[خنزير, قماءة]","[150, 287]",[свиня],[937],[γουρούνι],[1354],[porc],[2408],"[porco, suini, maiale]","[2727, 2765, 2683]",
Insult for foolishness,State,NOUN,"[حماقة, عته]","[128, 215]",[безумие],[485],"[αφροσύνη, μωρία]","[1284, 1790]",[folie],[2310,[follia],[2633],
Insult for a hypocrite,Pesron,NOUN,[تمساح],[99],[мазник],[722],[κόλακας],[1659],[],[],[ipocrita],[2676],
,Behavior/ Abstract Idea,ADJ,[انتهازي],[54],[],[],[],[],[faux],[2304],[],[],
Insult for a criminal group membership,Person,NOUN,[عصابة],[222],"[банда, банда]","[461, 462]",[συμμορία],[1994],[gang],[2326],[gang],[1637],
Insult for a lustful person,Person,ADJ,[شهواني],[198],[похотлив],[881],"[λάγνος, υπερσεξουαλικός]","[1665, 2056]",[chaud],[2243],[],[],
,Behavior/ Abstract Idea,NOUN,[],[],[],[],[],[],[],[],[calore],[1558],
Insult for a rapist,Person,NOUN,"[اغتصاب, اغتصاب]","[47, 48]",[изнасилвач],[631],[βιαστής],[1315],[viol],[2496],[stupro],[1763],
,Event,VERB,[خرب] ,[143],[],[],[],[],[],[],[],[],
Insult calling someone a dog  as trash person,Person,NOUN,[],[],[пес],[860],[σκύβαλο],[1971],[chien],[2244],[cane],[1559],
,,ADJ,[وغد],[433],[],[],[],[],[],[],[],[],
Insult meaning “ruthless / cruel”,Behavior/ Abstract Idea,NOUN,[فظاظة],[267],[],[],[],[],[méchante],[2388],[],[],
,,ADJ,[],[],[жесток],[592],[αδυσώπητος],[1148],[],[],[crudele],[2602],
,,,,,,,,,,,,,
